number,solved,mode,solution
1000,TRUE,2,1*0 = 0*0
1001,TRUE,1,1+0 = 0+1
1002,TRUE,2,1*0 = 0*2
1003,TRUE,2,1*0 = 0*3
1004,TRUE,2,1*0 = 0*4
1005,TRUE,2,1*0 = 0*5
1006,TRUE,2,1*0 = 0*6
1007,TRUE,2,1*0 = 0*7
1008,TRUE,2,1*0 = 0*8
1009,TRUE,2,1*0 = 0*9
1010,TRUE,1,1+0 = 1+0
1011,TRUE,3,1^0 = 1^1
1012,TRUE,1,1+1 = 0+2
1013,TRUE,3,1^0 = 1^3
1014,TRUE,3,1^0 = 1^4
1015,TRUE,3,1^0 = 1^5
1016,TRUE,3,1^0 = 1^6
1017,TRUE,3,1^0 = 1^7
1018,TRUE,3,1^0 = 1^8
1019,TRUE,3,1^0 = 1^9
1020,TRUE,2,1*0 = 2*0
1021,TRUE,1,1+1 = 0+2
1022,TRUE,4,1*0+2 = 2
1023,TRUE,1,1+2 = 0+3
1024,TRUE,5,0!+1+2 = 4
1025,TRUE,5,0!^2 = 1^5
1026,TRUE,5,0!^2 = 1^6
1027,TRUE,5,0!^2 = 1^7
1028,TRUE,5,0!^2 = 1^8
1029,TRUE,5,0!^2 = 1^9
1030,TRUE,2,1*0 = 3*0
1031,TRUE,3,1^0 = 1^3
1032,TRUE,1,1+2 = 0+3
1033,TRUE,4,1*0+3 = 3
1034,TRUE,1,1+3 = 0+4
1035,TRUE,5,0!+1+3 = 5
1036,TRUE,5,0!^3 = 1^6
1037,TRUE,5,0!^3 = 1^7
1038,TRUE,5,0!^3 = 1^8
1039,TRUE,5,0!^3 = 1^9
1040,TRUE,2,1*0 = 4*0
1041,TRUE,3,1^0 = 1^4
1042,TRUE,5,0!+1+2 = 4
1043,TRUE,1,1+3 = 0+4
1044,TRUE,4,1*0+4 = 4
1045,TRUE,1,1+4 = 0+5
1046,TRUE,5,0!+1+4 = 6
1047,TRUE,5,0!^4 = 1^7
1048,TRUE,5,0!^4 = 1^8
1049,TRUE,5,0!^4 = 1^9
1050,TRUE,2,1*0 = 5*0
1051,TRUE,3,1^0 = 1^5
1052,TRUE,5,0!^5 = 1^2
1053,TRUE,5,0!+1+3 = 5
1054,TRUE,1,1+4 = 0+5
1055,TRUE,4,1*0+5 = 5
1056,TRUE,1,1+5 = 0+6
1057,TRUE,5,0!+1+5 = 7
1058,TRUE,5,0!^5 = 1^8
1059,TRUE,5,0!^5 = 1^9
1060,TRUE,2,1*0 = 6*0
1061,TRUE,3,1^0 = 1^6
1062,TRUE,5,0!^6 = 1^2
1063,TRUE,5,0!^6 = 1^3
1064,TRUE,5,0!+1+4 = 6
1065,TRUE,1,1+5 = 0+6
1066,TRUE,4,1*0+6 = 6
1067,TRUE,1,1+6 = 0+7
1068,TRUE,5,0!+1+6 = 8
1069,TRUE,5,0!^6 = 1^9
1070,TRUE,2,1*0 = 7*0
1071,TRUE,3,1^0 = 1^7
1072,TRUE,5,0!^7 = 1^2
1073,TRUE,5,0!^7 = 1^3
1074,TRUE,5,0!^7 = 1^4
1075,TRUE,5,0!+1+5 = 7
1076,TRUE,1,1+6 = 0+7
1077,TRUE,4,1*0+7 = 7
1078,TRUE,1,1+7 = 0+8
1079,TRUE,5,0!+1+7 = 9
1080,TRUE,2,1*0 = 8*0
1081,TRUE,3,1^0 = 1^8
1082,TRUE,5,0!^8 = 1^2
1083,TRUE,5,0!^8 = 1^3
1084,TRUE,5,0!^8 = 1^4
1085,TRUE,5,0!^8 = 1^5
1086,TRUE,5,0!+1+6 = 8
1087,TRUE,1,1+7 = 0+8
1088,TRUE,4,1*0+8 = 8
1089,TRUE,1,1+8 = 0+9
1090,TRUE,2,1*0 = 9*0
1091,TRUE,3,1^0 = 1^9
1092,TRUE,5,0!^9 = 1^2
1093,TRUE,5,0!^9 = 1^3
1094,TRUE,5,0!^9 = 1^4
1095,TRUE,5,0!^9 = 1^5
1096,TRUE,5,0!^9 = 1^6
1097,TRUE,5,0!+1+7 = 9
1098,TRUE,1,1+8 = 0+9
1099,TRUE,4,1*0+9 = 9
1100,TRUE,1,1+0 = 1+0
1101,TRUE,3,1^0 = 1^1
1102,TRUE,1,1+1 = 0+2
1103,TRUE,3,1^0 = 1^3
1104,TRUE,3,1^0 = 1^4
1105,TRUE,3,1^0 = 1^5
1106,TRUE,3,1^0 = 1^6
1107,TRUE,3,1^0 = 1^7
1108,TRUE,3,1^0 = 1^8
1109,TRUE,3,1^0 = 1^9
1110,TRUE,3,1^1 = 1^0
1111,TRUE,1,1+1 = 1+1
1112,TRUE,3,1^1 = 1^2
1113,TRUE,1,1+1+1 = 3
1114,TRUE,3,1^1 = 1^4
1115,TRUE,3,1^1 = 1^5
1116,TRUE,3,1^1 = 1^6
1117,TRUE,3,1^1 = 1^7
1118,TRUE,3,1^1 = 1^8
1119,TRUE,3,1^1 = 1^9
1120,TRUE,1,1+1 = 2+0
1121,TRUE,3,1^2 = 1^1
1122,TRUE,1,1+2 = 1+2
1123,TRUE,3,1^2 = 1^3
1124,TRUE,1,1+1+2 = 4
1125,TRUE,3,1^2 = 1^5
1126,TRUE,3,1^2 = 1^6
1127,TRUE,3,1^2 = 1^7
1128,TRUE,3,1^2 = 1^8
1129,TRUE,3,1^2 = 1^9
1130,TRUE,3,1^3 = 1^0
1131,TRUE,1,1+1+1 = 3
1132,TRUE,3,1^3 = 1^2
1133,TRUE,1,1+3 = 1+3
1134,TRUE,3,1^3 = 1^4
1135,TRUE,1,1+1+3 = 5
1136,TRUE,3,1^3 = 1^6
1137,TRUE,3,1^3 = 1^7
1138,TRUE,3,1^3 = 1^8
1139,TRUE,3,1^3 = 1^9
1140,TRUE,3,1^4 = 1^0
1141,TRUE,3,1^4 = 1^1
1142,TRUE,1,1+1+2 = 4
1143,TRUE,3,1^4 = 1^3
1144,TRUE,1,1+4 = 1+4
1145,TRUE,3,1^4 = 1^5
1146,TRUE,1,1+1+4 = 6
1147,TRUE,3,1^4 = 1^7
1148,TRUE,3,1^4 = 1^8
1149,TRUE,3,1^4 = 1^9
1150,TRUE,3,1^5 = 1^0
1151,TRUE,3,1^5 = 1^1
1152,TRUE,3,1^5 = 1^2
1153,TRUE,1,1+1+3 = 5
1154,TRUE,3,1^5 = 1^4
1155,TRUE,1,1+5 = 1+5
1156,TRUE,3,1^5 = 1^6
1157,TRUE,1,1+1+5 = 7
1158,TRUE,3,1^5 = 1^8
1159,TRUE,3,1^5 = 1^9
1160,TRUE,3,1^6 = 1^0
1161,TRUE,3,1^6 = 1^1
1162,TRUE,3,1^6 = 1^2
1163,TRUE,3,1^6 = 1^3
1164,TRUE,1,1+1+4 = 6
1165,TRUE,3,1^6 = 1^5
1166,TRUE,1,1+6 = 1+6
1167,TRUE,3,1^6 = 1^7
1168,TRUE,1,1+1+6 = 8
1169,TRUE,3,1^6 = 1^9
1170,TRUE,3,1^7 = 1^0
1171,TRUE,3,1^7 = 1^1
1172,TRUE,3,1^7 = 1^2
1173,TRUE,3,1^7 = 1^3
1174,TRUE,3,1^7 = 1^4
1175,TRUE,1,1+1+5 = 7
1176,TRUE,3,1^7 = 1^6
1177,TRUE,1,1+7 = 1+7
1178,TRUE,3,1^7 = 1^8
1179,TRUE,1,1+1+7 = 9
1180,TRUE,3,1^8 = 1^0
1181,TRUE,3,1^8 = 1^1
1182,TRUE,3,1^8 = 1^2
1183,TRUE,3,1^8 = 1^3
1184,TRUE,3,1^8 = 1^4
1185,TRUE,3,1^8 = 1^5
1186,TRUE,1,1+1+6 = 8
1187,TRUE,3,1^8 = 1^7
1188,TRUE,1,1+8 = 1+8
1189,TRUE,3,1^8 = 1^9
1190,TRUE,3,1^9 = 1^0
1191,TRUE,3,1^9 = 1^1
1192,TRUE,3,1^9 = 1^2
1193,TRUE,3,1^9 = 1^3
1194,TRUE,3,1^9 = 1^4
1195,TRUE,3,1^9 = 1^5
1196,TRUE,3,1^9 = 1^6
1197,TRUE,1,1+1+7 = 9
1198,TRUE,3,1^9 = 1^8
1199,TRUE,1,1+9 = 1+9
1200,TRUE,2,1*0 = 2*0
1201,TRUE,1,1+1 = 2+0
1202,TRUE,4,1*2+0 = 2
1203,TRUE,1,1+2 = 0+3
1204,TRUE,5,0!+2+1 = 4
1205,TRUE,5,0!^2 = 1^5
1206,TRUE,5,0!^2 = 1^6
1207,TRUE,5,0!^2 = 1^7
1208,TRUE,5,0!^2 = 1^8
1209,TRUE,5,0!^2 = 1^9
1210,TRUE,1,1+1 = 2+0
1211,TRUE,3,1^2 = 1^1
1212,TRUE,1,1+2 = 1+2
1213,TRUE,3,1^2 = 1^3
1214,TRUE,1,1+2+1 = 4
1215,TRUE,3,1^2 = 1^5
1216,TRUE,3,1^2 = 1^6
1217,TRUE,3,1^2 = 1^7
1218,TRUE,3,1^2 = 1^8
1219,TRUE,3,1^2 = 1^9
1220,TRUE,4,1*2+0 = 2
1221,TRUE,1,1+2 = 2+1
1222,TRUE,6,1+2/2 = 2
1223,TRUE,1,1+3 = 2+2
1224,TRUE,2,1*4 = 2*2
1225,TRUE,1,1+2+2 = 5
1226,TRUE,6,6/2-1 = 2
1227,TRUE,8,1^7*2 = 2
1228,TRUE,8,1^8*2 = 2
1229,TRUE,8,1^9*2 = 2
1230,TRUE,1,1+2 = 3+0
1231,TRUE,3,1^2 = 1^3
1232,TRUE,1,1+3 = 2+2
1233,TRUE,6,1+3/3 = 2
1234,TRUE,1,1+4 = 2+3
1235,TRUE,4,1*2+3 = 5
1236,TRUE,1,1+2+3 = 6
1237,TRUE,4,1+2*3 = 7
1238,TRUE,6,8/2-1 = 3
1239,TRUE,6,9/3-1 = 2
1240,TRUE,5,0!+2+1 = 4
1241,TRUE,1,1+2+1 = 4
1242,TRUE,2,1*4 = 2*2
1243,TRUE,1,1+4 = 2+3
1244,TRUE,6,1+4/4 = 2
1245,TRUE,1,1+5 = 2+4
1246,TRUE,4,1*2+4 = 6
1247,TRUE,1,1+2+4 = 7
1248,TRUE,2,1*8 = 2*4
1249,TRUE,4,1+2*4 = 9
1250,TRUE,5,0!^2 = 1^5
1251,TRUE,3,1^2 = 1^5
1252,TRUE,1,1+2+2 = 5
1253,TRUE,4,1*2+3 = 5
1254,TRUE,1,1+5 = 2+4
1255,TRUE,6,1+5/5 = 2
1256,TRUE,1,1+6 = 2+5
1257,TRUE,4,1*2+5 = 7
1258,TRUE,1,1+2+5 = 8
1259,TRUE,4,2*5 = 1+9
1260,TRUE,5,0!^2 = 1^6
1261,TRUE,3,1^2 = 1^6
1262,TRUE,6,6/2-1 = 2
1263,TRUE,1,1+2+3 = 6
1264,TRUE,4,1*2+4 = 6
1265,TRUE,1,1+6 = 2+5
1266,TRUE,6,1+6/6 = 2
1267,TRUE,1,1+7 = 2+6
1268,TRUE,4,1*2+6 = 8
1269,TRUE,1,1+2+6 = 9
1270,TRUE,5,0!^2 = 1^7
1271,TRUE,3,1^2 = 1^7
1272,TRUE,8,1^7*2 = 2
1273,TRUE,4,1+2*3 = 7
1274,TRUE,1,1+2+4 = 7
1275,TRUE,4,1*2+5 = 7
1276,TRUE,1,1+7 = 2+6
1277,TRUE,6,1+7/7 = 2
1278,TRUE,1,1+8 = 2+7
1279,TRUE,4,1*2+7 = 9
1280,TRUE,5,0!^2 = 1^8
1281,TRUE,3,1^2 = 1^8
1282,TRUE,8,1^8*2 = 2
1283,TRUE,6,8/2-1 = 3
1284,TRUE,2,1*8 = 2*4
1285,TRUE,1,1+2+5 = 8
1286,TRUE,4,1*2+6 = 8
1287,TRUE,1,1+8 = 2+7
1288,TRUE,6,1+8/8 = 2
1289,TRUE,1,1+9 = 2+8
1290,TRUE,5,0!^2 = 1^9
1291,TRUE,3,1^2 = 1^9
1292,TRUE,8,1^9*2 = 2
1293,TRUE,6,9/3-1 = 2
1294,TRUE,4,1+2*4 = 9
1295,TRUE,4,2*5 = 1+9
1296,TRUE,1,1+2+6 = 9
1297,TRUE,4,1*2+7 = 9
1298,TRUE,1,1+9 = 2+8
1299,TRUE,6,1+9/9 = 2
1300,TRUE,2,1*0 = 3*0
1301,TRUE,3,1^3 = 1^0
1302,TRUE,1,1+2 = 3+0
1303,TRUE,4,1*3+0 = 3
1304,TRUE,1,1+3 = 0+4
1305,TRUE,5,0!+3+1 = 5
1306,TRUE,5,0!^3 = 1^6
1307,TRUE,5,0!^3 = 1^7
1308,TRUE,5,0!^3 = 1^8
1309,TRUE,5,0!^3 = 1^9
1310,TRUE,3,1^3 = 1^0
1311,TRUE,1,1+1+1 = 3
1312,TRUE,3,1^3 = 1^2
1313,TRUE,1,1+3 = 1+3
1314,TRUE,3,1^3 = 1^4
1315,TRUE,1,1+3+1 = 5
1316,TRUE,3,1^3 = 1^6
1317,TRUE,3,1^3 = 1^7
1318,TRUE,3,1^3 = 1^8
1319,TRUE,3,1^3 = 1^9
1320,TRUE,1,1+2 = 3+0
1321,TRUE,3,1^3 = 1^2
1322,TRUE,1,1+3 = 2+2
1323,TRUE,6,1+3/3 = 2
1324,TRUE,1,1+4 = 3+2
1325,TRUE,4,1*3+2 = 5
1326,TRUE,1,1+3+2 = 6
1327,TRUE,4,1+3*2 = 7
1328,TRUE,6,8/2-1 = 3
1329,TRUE,6,9/3-1 = 2
1330,TRUE,4,1*3+0 = 3
1331,TRUE,1,1+3 = 3+1
1332,TRUE,6,1+3/3 = 2
1333,TRUE,6,1*3+3 = 3!
1334,TRUE,6,1+3! = 3+4
1335,TRUE,1,1+5 = 3+3
1336,TRUE,4,1*3+3 = 6
1337,TRUE,1,1+3+3 = 7
1338,TRUE,4,3*3 = 1+8
1339,TRUE,2,1*9 = 3*3
1340,TRUE,1,1+3 = 4+0
1341,TRUE,3,1^3 = 1^4
1342,TRUE,1,1+4 = 3+2
1343,TRUE,6,1+3! = 4+3
1344,TRUE,6,1*4! = 3!*4
1345,TRUE,6,1+4!/3! = 5
1346,TRUE,1,1+6 = 3+4
1347,TRUE,4,1*3+4 = 7
1348,TRUE,1,1+3+4 = 8
1349,TRUE,6,1+9/3 = 4
1350,TRUE,5,0!+3+1 = 5
1351,TRUE,1,1+3+1 = 5
1352,TRUE,4,1*3+2 = 5
1353,TRUE,1,1+5 = 3+3
1354,TRUE,6,1+4!/3! = 5
1355,TRUE,8,1^3*5 = 5
1356,TRUE,6,1*(3!)! = 6*5!
1357,TRUE,1,1+7 = 3+5
1358,TRUE,4,1*3+5 = 8
1359,TRUE,1,1+3+5 = 9
1360,TRUE,5,0!^3 = 1^6
1361,TRUE,3,1^3 = 1^6
1362,TRUE,1,1+3+2 = 6
1363,TRUE,4,1*3+3 = 6
1364,TRUE,1,1+6 = 3+4
1365,TRUE,6,1*(3!)! = 6*5!
1366,TRUE,8,1^3*6 = 6
1367,TRUE,6,7!/(3!)!-1 = 6
1368,TRUE,1,1+8 = 3+6
1369,TRUE,4,1*3+6 = 9
1370,TRUE,5,0!^3 = 1^7
1371,TRUE,3,1^3 = 1^7
1372,TRUE,4,1+3*2 = 7
1373,TRUE,1,1+3+3 = 7
1374,TRUE,4,1*3+4 = 7
1375,TRUE,1,1+7 = 3+5
1376,TRUE,6,7!/(3!)!-1 = 6
1377,TRUE,8,1^3*7 = 7
1378,TRUE,8,1^3+7 = 8
1379,TRUE,1,1+9 = 3+7
1380,TRUE,5,0!^3 = 1^8
1381,TRUE,3,1^3 = 1^8
1382,TRUE,6,8/2-1 = 3
1383,TRUE,4,3*3 = 1+8
1384,TRUE,1,1+3+4 = 8
1385,TRUE,4,1*3+5 = 8
1386,TRUE,1,1+8 = 3+6
1387,TRUE,8,1^3+7 = 8
1388,TRUE,8,1^3*8 = 8
1389,TRUE,8,1^3+8 = 9
1390,TRUE,5,0!^3 = 1^9
1391,TRUE,3,1^3 = 1^9
1392,TRUE,6,9/3-1 = 2
1393,TRUE,2,1*9 = 3*3
1394,TRUE,6,1+9/3 = 4
1395,TRUE,1,1+3+5 = 9
1396,TRUE,4,1*3+6 = 9
1397,TRUE,1,1+9 = 3+7
1398,TRUE,8,1^3+8 = 9
1399,TRUE,8,1^3*9 = 9
1400,TRUE,2,1*0 = 4*0
1401,TRUE,3,1^4 = 1^0
1402,TRUE,5,0!+1+2 = 4
1403,TRUE,1,1+3 = 4+0
1404,TRUE,4,1*4+0 = 4
1405,TRUE,1,1+4 = 0+5
1406,TRUE,5,0!+4+1 = 6
1407,TRUE,5,0!^4 = 1^7
1408,TRUE,5,0!^4 = 1^8
1409,TRUE,5,0!^4 = 1^9
1410,TRUE,3,1^4 = 1^0
1411,TRUE,3,1^4 = 1^1
1412,TRUE,1,1+1+2 = 4
1413,TRUE,3,1^4 = 1^3
1414,TRUE,1,1+4 = 1+4
1415,TRUE,3,1^4 = 1^5
1416,TRUE,1,1+4+1 = 6
1417,TRUE,3,1^4 = 1^7
1418,TRUE,3,1^4 = 1^8
1419,TRUE,3,1^4 = 1^9
1420,TRUE,5,0!+2+1 = 4
1421,TRUE,1,1+2+1 = 4
1422,TRUE,2,1*4 = 2*2
1423,TRUE,1,1+4 = 2+3
1424,TRUE,6,1+4/4 = 2
1425,TRUE,1,1+5 = 4+2
1426,TRUE,4,1*4+2 = 6
1427,TRUE,1,1+4+2 = 7
1428,TRUE,2,1*8 = 4*2
1429,TRUE,4,1+4*2 = 9
1430,TRUE,1,1+3 = 4+0
1431,TRUE,3,1^4 = 1^3
1432,TRUE,1,1+4 = 3+2
1433,TRUE,6,1+3! = 4+3
1434,TRUE,6,1*4! = 3!*4
1435,TRUE,6,1+4!/3! = 5
1436,TRUE,1,1+6 = 4+3
1437,TRUE,4,1*4+3 = 7
1438,TRUE,1,1+4+3 = 8
1439,TRUE,6,1+9/3 = 4
1440,TRUE,4,1*4+0 = 4
1441,TRUE,1,1+4 = 4+1
1442,TRUE,6,1+4/4 = 2
1443,TRUE,6,1*4! = 4*3!
1444,TRUE,8,1^4*4 = 4
1445,TRUE,6,4!/4-1 = 5
1446,TRUE,6,1*4! = 4*6
1447,TRUE,1,1+7 = 4+4
1448,TRUE,4,1*4+4 = 8
1449,TRUE,1,1+4+4 = 9
1450,TRUE,1,1+4 = 5+0
1451,TRUE,3,1^4 = 1^5
1452,TRUE,1,1+5 = 4+2
1453,TRUE,6,1+4!/3! = 5
1454,TRUE,6,4!/4-1 = 5
1455,TRUE,6,5*5 = 1+4!
1456,TRUE,6,1+4!/6 = 5
1457,TRUE,8,1^7+4 = 5
1458,TRUE,1,1+8 = 4+5
1459,TRUE,4,1*4+5 = 9
1460,TRUE,5,0!+4+1 = 6
1461,TRUE,1,1+4+1 = 6
1462,TRUE,4,1*4+2 = 6
1463,TRUE,1,1+6 = 4+3
1464,TRUE,6,1*4! = 6*4
1465,TRUE,6,1+4!/6 = 5
1466,TRUE,8,1^4*6 = 6
1467,TRUE,8,1^4+6 = 7
1468,TRUE,13,√((1+8)*4) = 6
1469,TRUE,1,1+9 = 4+6
1470,TRUE,5,0!^4 = 1^7
1471,TRUE,3,1^4 = 1^7
1472,TRUE,1,1+4+2 = 7
1473,TRUE,4,1*4+3 = 7
1474,TRUE,1,1+7 = 4+4
1475,TRUE,8,1^7+4 = 5
1476,TRUE,8,1^4+6 = 7
1477,TRUE,8,1^4*7 = 7
1478,TRUE,8,1^4+7 = 8
1479,TRUE,14,√(4*1) = 7-9
1480,TRUE,5,0!^4 = 1^8
1481,TRUE,3,1^4 = 1^8
1482,TRUE,2,1*8 = 4*2
1483,TRUE,1,1+4+3 = 8
1484,TRUE,4,1*4+4 = 8
1485,TRUE,1,1+8 = 4+5
1486,TRUE,13,√((1+8)*4) = 6
1487,TRUE,8,1^4+7 = 8
1488,TRUE,8,1^4*8 = 8
1489,TRUE,8,1^4+8 = 9
1490,TRUE,5,0!^4 = 1^9
1491,TRUE,3,1^4 = 1^9
1492,TRUE,4,1+4*2 = 9
1493,TRUE,6,1+9/3 = 4
1494,TRUE,1,1+4+4 = 9
1495,TRUE,4,1*4+5 = 9
1496,TRUE,1,1+9 = 4+6
1497,TRUE,14,√(4*1) = 7-9
1498,TRUE,8,1^4+8 = 9
1499,TRUE,8,1^4*9 = 9
1500,TRUE,2,1*0 = 5*0
1501,TRUE,3,1^5 = 1^0
1502,TRUE,5,0!^5 = 1^2
1503,TRUE,5,0!+1+3 = 5
1504,TRUE,1,1+4 = 5+0
1505,TRUE,4,1*5+0 = 5
1506,TRUE,1,1+5 = 0+6
1507,TRUE,5,0!+5+1 = 7
1508,TRUE,5,0!^5 = 1^8
1509,TRUE,5,0!^5 = 1^9
1510,TRUE,3,1^5 = 1^0
1511,TRUE,3,1^5 = 1^1
1512,TRUE,3,1^5 = 1^2
1513,TRUE,1,1+1+3 = 5
1514,TRUE,3,1^5 = 1^4
1515,TRUE,1,1+5 = 1+5
1516,TRUE,3,1^5 = 1^6
1517,TRUE,1,1+5+1 = 7
1518,TRUE,3,1^5 = 1^8
1519,TRUE,3,1^5 = 1^9
1520,TRUE,5,0!^5 = 1^2
1521,TRUE,3,1^5 = 1^2
1522,TRUE,1,1+2+2 = 5
1523,TRUE,4,1*2+3 = 5
1524,TRUE,1,1+5 = 2+4
1525,TRUE,6,1+5/5 = 2
1526,TRUE,1,1+6 = 5+2
1527,TRUE,4,1*5+2 = 7
1528,TRUE,1,1+5+2 = 8
1529,TRUE,4,5*2 = 1+9
1530,TRUE,5,0!+3+1 = 5
1531,TRUE,1,1+3+1 = 5
1532,TRUE,4,1*3+2 = 5
1533,TRUE,1,1+5 = 3+3
1534,TRUE,6,1+4!/3! = 5
1535,TRUE,8,1^5+5 = 6
1536,TRUE,6,1*(3!)! = 5!*6
1537,TRUE,1,1+7 = 5+3
1538,TRUE,4,1*5+3 = 8
1539,TRUE,1,1+5+3 = 9
1540,TRUE,1,1+4 = 5+0
1541,TRUE,3,1^5 = 1^4
1542,TRUE,1,1+5 = 4+2
1543,TRUE,6,1+4!/3! = 5
1544,TRUE,6,4!/4-1 = 5
1545,TRUE,6,5*5 = 1+4!
1546,TRUE,6,1+4!/6 = 5
1547,TRUE,8,1^7+4 = 5
1548,TRUE,1,1+8 = 5+4
1549,TRUE,4,1*5+4 = 9
1550,TRUE,4,1*5+0 = 5
1551,TRUE,1,1+5 = 5+1
1552,TRUE,6,1+5/5 = 2
1553,TRUE,8,1^5+5 = 6
1554,TRUE,6,5*5 = 1+4!
1555,TRUE,8,1^5*5 = 5
1556,TRUE,6,6!/5!-1 = 5
1557,TRUE,8,1^7*5 = 5
1558,TRUE,8,1^8*5 = 5
1559,TRUE,1,1+9 = 5+5
1560,TRUE,1,1+5 = 6+0
1561,TRUE,3,1^5 = 1^6
1562,TRUE,1,1+6 = 5+2
1563,TRUE,6,1*6! = 5!*3!
1564,TRUE,6,1+4!/6 = 5
1565,TRUE,6,6!/5!-1 = 5
1566,TRUE,6,1*6! = 5!*6
1567,TRUE,6,1+6!/5! = 7
1568,TRUE,8,1^8+5 = 6
1569,TRUE,8,1^9+5 = 6
1570,TRUE,5,0!+5+1 = 7
1571,TRUE,1,1+5+1 = 7
1572,TRUE,4,1*5+2 = 7
1573,TRUE,1,1+7 = 5+3
1574,TRUE,8,1^7+4 = 5
1575,TRUE,8,1^7*5 = 5
1576,TRUE,6,1+6!/5! = 7
1577,TRUE,8,1^5*7 = 7
1578,TRUE,8,1^5+7 = 8
1579,TRUE,14,√(5-1) = 7-9
1580,TRUE,5,0!^5 = 1^8
1581,TRUE,3,1^5 = 1^8
1582,TRUE,1,1+5+2 = 8
1583,TRUE,4,1*5+3 = 8
1584,TRUE,1,1+8 = 5+4
1585,TRUE,8,1^8*5 = 5
1586,TRUE,8,1^8+5 = 6
1587,TRUE,8,1^5+7 = 8
1588,TRUE,8,1^5*8 = 8
1589,TRUE,8,1^5+8 = 9
1590,TRUE,5,0!^5 = 1^9
1591,TRUE,3,1^5 = 1^9
1592,TRUE,4,5*2 = 1+9
1593,TRUE,1,1+5+3 = 9
1594,TRUE,4,1*5+4 = 9
1595,TRUE,1,1+9 = 5+5
1596,TRUE,8,1^9+5 = 6
1597,TRUE,14,√(5-1) = 7-9
1598,TRUE,8,1^5+8 = 9
1599,TRUE,8,1^5*9 = 9
1600,TRUE,2,1*0 = 6*0
1601,TRUE,3,1^6 = 1^0
1602,TRUE,5,0!^6 = 1^2
1603,TRUE,5,0!^6 = 1^3
1604,TRUE,5,0!+1+4 = 6
1605,TRUE,1,1+5 = 6+0
1606,TRUE,4,1*6+0 = 6
1607,TRUE,1,1+6 = 0+7
1608,TRUE,5,0!+6+1 = 8
1609,TRUE,5,0!^6 = 1^9
1610,TRUE,3,1^6 = 1^0
1611,TRUE,3,1^6 = 1^1
1612,TRUE,3,1^6 = 1^2
1613,TRUE,3,1^6 = 1^3
1614,TRUE,1,1+1+4 = 6
1615,TRUE,3,1^6 = 1^5
1616,TRUE,1,1+6 = 1+6
1617,TRUE,3,1^6 = 1^7
1618,TRUE,1,1+6+1 = 8
1619,TRUE,3,1^6 = 1^9
1620,TRUE,5,0!^6 = 1^2
1621,TRUE,3,1^6 = 1^2
1622,TRUE,6,6/2-1 = 2
1623,TRUE,1,1+2+3 = 6
1624,TRUE,4,1*2+4 = 6
1625,TRUE,1,1+6 = 2+5
1626,TRUE,6,1+6/6 = 2
1627,TRUE,1,1+7 = 6+2
1628,TRUE,4,1*6+2 = 8
1629,TRUE,1,1+6+2 = 9
1630,TRUE,5,0!^6 = 1^3
1631,TRUE,3,1^6 = 1^3
1632,TRUE,1,1+3+2 = 6
1633,TRUE,4,1*3+3 = 6
1634,TRUE,1,1+6 = 3+4
1635,TRUE,6,1*6! = 3!*5!
1636,TRUE,8,1^3*6 = 6
1637,TRUE,6,7!/6!-1 = 3!
1638,TRUE,1,1+8 = 6+3
1639,TRUE,4,1*6+3 = 9
1640,TRUE,5,0!+4+1 = 6
1641,TRUE,1,1+4+1 = 6
1642,TRUE,4,1*4+2 = 6
1643,TRUE,1,1+6 = 4+3
1644,TRUE,6,1*4! = 6*4
1645,TRUE,6,1+4!/6 = 5
1646,TRUE,8,1^4*6 = 6
1647,TRUE,8,1^4+6 = 7
1648,TRUE,13,√((1+8)*4) = 6
1649,TRUE,1,1+9 = 6+4
1650,TRUE,1,1+5 = 6+0
1651,TRUE,3,1^6 = 1^5
1652,TRUE,1,1+6 = 5+2
1653,TRUE,6,1*6! = 5!*3!
1654,TRUE,6,1+4!/6 = 5
1655,TRUE,6,6!/5!-1 = 5
1656,TRUE,6,1*6! = 5!*6
1657,TRUE,6,1+6!/5! = 7
1658,TRUE,8,1^8+5 = 6
1659,TRUE,8,1^9+5 = 6
1660,TRUE,4,1*6+0 = 6
1661,TRUE,1,1+6 = 6+1
1662,TRUE,6,1+6/6 = 2
1663,TRUE,8,1^3*6 = 6
1664,TRUE,8,1^4*6 = 6
1665,TRUE,6,1*6! = 6*5!
1666,TRUE,8,1^6*6 = 6
1667,TRUE,6,7!/6!-1 = 6
1668,TRUE,8,1^8*6 = 6
1669,TRUE,8,1^9*6 = 6
1670,TRUE,1,1+6 = 7+0
1671,TRUE,3,1^6 = 1^7
1672,TRUE,1,1+7 = 6+2
1673,TRUE,6,7!/6!-1 = 3!
1674,TRUE,8,1^4+6 = 7
1675,TRUE,6,1+6!/5! = 7
1676,TRUE,6,7!/6!-1 = 6
1677,TRUE,6,1*7! = 6!*7
1678,TRUE,6,1+7!/6! = 8
1679,TRUE,8,1^9+6 = 7
1680,TRUE,5,0!+6+1 = 8
1681,TRUE,1,1+6+1 = 8
1682,TRUE,4,1*6+2 = 8
1683,TRUE,1,1+8 = 6+3
1684,TRUE,13,√((1+8)*4) = 6
1685,TRUE,8,1^8+5 = 6
1686,TRUE,8,1^8*6 = 6
1687,TRUE,6,1+7!/6! = 8
1688,TRUE,8,1^6*8 = 8
1689,TRUE,8,1^6+8 = 9
1690,TRUE,5,0!^6 = 1^9
1691,TRUE,3,1^6 = 1^9
1692,TRUE,1,1+6+2 = 9
1693,TRUE,4,1*6+3 = 9
1694,TRUE,1,1+9 = 6+4
1695,TRUE,8,1^9+5 = 6
1696,TRUE,8,1^9*6 = 6
1697,TRUE,8,1^9+6 = 7
1698,TRUE,8,1^6+8 = 9
1699,TRUE,8,1^6*9 = 9
1700,TRUE,2,1*0 = 7*0
1701,TRUE,3,1^7 = 1^0
1702,TRUE,5,0!^7 = 1^2
1703,TRUE,5,0!^7 = 1^3
1704,TRUE,5,0!^7 = 1^4
1705,TRUE,5,0!+1+5 = 7
1706,TRUE,1,1+6 = 7+0
1707,TRUE,4,1*7+0 = 7
1708,TRUE,1,1+7 = 0+8
1709,TRUE,5,0!+7+1 = 9
1710,TRUE,3,1^7 = 1^0
1711,TRUE,3,1^7 = 1^1
1712,TRUE,3,1^7 = 1^2
1713,TRUE,3,1^7 = 1^3
1714,TRUE,3,1^7 = 1^4
1715,TRUE,1,1+1+5 = 7
1716,TRUE,3,1^7 = 1^6
1717,TRUE,1,1+7 = 1+7
1718,TRUE,3,1^7 = 1^8
1719,TRUE,1,1+7+1 = 9
1720,TRUE,5,0!^7 = 1^2
1721,TRUE,3,1^7 = 1^2
1722,TRUE,8,1^7*2 = 2
1723,TRUE,4,1+2*3 = 7
1724,TRUE,1,1+2+4 = 7
1725,TRUE,4,1*2+5 = 7
1726,TRUE,1,1+7 = 2+6
1727,TRUE,6,1+7/7 = 2
1728,TRUE,1,1+8 = 7+2
1729,TRUE,4,1*7+2 = 9
1730,TRUE,5,0!^7 = 1^3
1731,TRUE,3,1^7 = 1^3
1732,TRUE,4,1+3*2 = 7
1733,TRUE,1,1+3+3 = 7
1734,TRUE,4,1*3+4 = 7
1735,TRUE,1,1+7 = 3+5
1736,TRUE,6,7!/(3!)!-1 = 6
1737,TRUE,8,1^7+6 = 7
1738,TRUE,8,1^3+7 = 8
1739,TRUE,1,1+9 = 7+3
1740,TRUE,5,0!^7 = 1^4
1741,TRUE,3,1^7 = 1^4
1742,TRUE,1,1+4+2 = 7
1743,TRUE,4,1*4+3 = 7
1744,TRUE,1,1+7 = 4+4
1745,TRUE,8,1^7+4 = 5
1746,TRUE,8,1^4+6 = 7
1747,TRUE,8,1^4*7 = 7
1748,TRUE,8,1^4+7 = 8
1749,TRUE,14,√(4*1) = 7-9
1750,TRUE,5,0!+5+1 = 7
1751,TRUE,1,1+5+1 = 7
1752,TRUE,4,1*5+2 = 7
1753,TRUE,1,1+7 = 5+3
1754,TRUE,8,1^7+4 = 5
1755,TRUE,8,1^7*5 = 5
1756,TRUE,6,1+6!/5! = 7
1757,TRUE,8,1^5*7 = 7
1758,TRUE,8,1^5+7 = 8
1759,TRUE,14,√(5-1) = 7-9
1760,TRUE,1,1+6 = 7+0
1761,TRUE,3,1^7 = 1^6
1762,TRUE,1,1+7 = 6+2
1763,TRUE,6,7!/6!-1 = 3!
1764,TRUE,8,1^4+6 = 7
1765,TRUE,6,1+6!/5! = 7
1766,TRUE,6,7!/6!-1 = 6
1767,TRUE,6,1*7! = 6!*7
1768,TRUE,6,1+7!/6! = 8
1769,TRUE,8,1^9+6 = 7
1770,TRUE,4,1*7+0 = 7
1771,TRUE,1,1+7 = 7+1
1772,TRUE,6,1+7/7 = 2
1773,TRUE,8,1^7+6 = 7
1774,TRUE,8,1^4*7 = 7
1775,TRUE,8,1^5*7 = 7
1776,TRUE,6,1*7! = 7*6!
1777,TRUE,8,1^7*7 = 7
1778,TRUE,6,8!/7!-1 = 7
1779,TRUE,8,1^9*7 = 7
1780,TRUE,1,1+7 = 8+0
1781,TRUE,3,1^7 = 1^8
1782,TRUE,1,1+8 = 7+2
1783,TRUE,8,1^8+6 = 7
1784,TRUE,8,1^4+7 = 8
1785,TRUE,8,1^5+7 = 8
1786,TRUE,6,1+7!/6! = 8
1787,TRUE,6,8!/7!-1 = 7
1788,TRUE,6,1*8! = 7!*8
1789,TRUE,6,1+8!/7! = 9
1790,TRUE,5,0!+7+1 = 9
1791,TRUE,1,1+7+1 = 9
1792,TRUE,4,1*7+2 = 9
1793,TRUE,1,1+9 = 7+3
1794,TRUE,14,√(4*1) = 7-9
1795,TRUE,14,√(5-1) = 7-9
1796,TRUE,8,1^9+6 = 7
1797,TRUE,8,1^9*7 = 7
1798,TRUE,6,1+8!/7! = 9
1799,TRUE,8,1^7*9 = 9
1800,TRUE,2,1*0 = 8*0
1801,TRUE,3,1^8 = 1^0
1802,TRUE,5,0!^8 = 1^2
1803,TRUE,5,0!^8 = 1^3
1804,TRUE,5,0!^8 = 1^4
1805,TRUE,5,0!^8 = 1^5
1806,TRUE,5,0!+1+6 = 8
1807,TRUE,1,1+7 = 8+0
1808,TRUE,4,1*8+0 = 8
1809,TRUE,1,1+8 = 0+9
1810,TRUE,3,1^8 = 1^0
1811,TRUE,3,1^8 = 1^1
1812,TRUE,3,1^8 = 1^2
1813,TRUE,3,1^8 = 1^3
1814,TRUE,3,1^8 = 1^4
1815,TRUE,3,1^8 = 1^5
1816,TRUE,1,1+1+6 = 8
1817,TRUE,3,1^8 = 1^7
1818,TRUE,1,1+8 = 1+8
1819,TRUE,3,1^8 = 1^9
1820,TRUE,5,0!^8 = 1^2
1821,TRUE,3,1^8 = 1^2
1822,TRUE,8,1^8*2 = 2
1823,TRUE,6,8/2-1 = 3
1824,TRUE,2,1*8 = 2*4
1825,TRUE,1,1+2+5 = 8
1826,TRUE,4,1*2+6 = 8
1827,TRUE,1,1+8 = 2+7
1828,TRUE,6,1+8/8 = 2
1829,TRUE,1,1+9 = 8+2
1830,TRUE,5,0!^8 = 1^3
1831,TRUE,3,1^8 = 1^3
1832,TRUE,6,8/2-1 = 3
1833,TRUE,4,3*3 = 1+8
1834,TRUE,1,1+3+4 = 8
1835,TRUE,4,1*3+5 = 8
1836,TRUE,1,1+8 = 3+6
1837,TRUE,8,1^8+6 = 7
1838,TRUE,8,1^3*8 = 8
1839,TRUE,8,1^3+8 = 9
1840,TRUE,5,0!^8 = 1^4
1841,TRUE,3,1^8 = 1^4
1842,TRUE,2,1*8 = 4*2
1843,TRUE,1,1+4+3 = 8
1844,TRUE,4,1*4+4 = 8
1845,TRUE,1,1+8 = 4+5
1846,TRUE,13,√((1+8)*4) = 6
1847,TRUE,8,1^4+7 = 8
1848,TRUE,8,1^4*8 = 8
1849,TRUE,8,1^4+8 = 9
1850,TRUE,5,0!^8 = 1^5
1851,TRUE,3,1^8 = 1^5
1852,TRUE,1,1+5+2 = 8
1853,TRUE,4,1*5+3 = 8
1854,TRUE,1,1+8 = 5+4
1855,TRUE,8,1^8*5 = 5
1856,TRUE,8,1^8+5 = 6
1857,TRUE,8,1^5+7 = 8
1858,TRUE,8,1^5*8 = 8
1859,TRUE,8,1^5+8 = 9
1860,TRUE,5,0!+6+1 = 8
1861,TRUE,1,1+6+1 = 8
1862,TRUE,4,1*6+2 = 8
1863,TRUE,1,1+8 = 6+3
1864,TRUE,13,√((1+8)*4) = 6
1865,TRUE,8,1^8+5 = 6
1866,TRUE,8,1^8*6 = 6
1867,TRUE,6,1+7!/6! = 8
1868,TRUE,8,1^6*8 = 8
1869,TRUE,8,1^6+8 = 9
1870,TRUE,1,1+7 = 8+0
1871,TRUE,3,1^8 = 1^7
1872,TRUE,1,1+8 = 7+2
1873,TRUE,8,1^8+6 = 7
1874,TRUE,8,1^4+7 = 8
1875,TRUE,8,1^5+7 = 8
1876,TRUE,6,1+7!/6! = 8
1877,TRUE,6,8!/7!-1 = 7
1878,TRUE,6,1*8! = 7!*8
1879,TRUE,6,1+8!/7! = 9
1880,TRUE,4,1*8+0 = 8
1881,TRUE,1,1+8 = 8+1
1882,TRUE,6,1+8/8 = 2
1883,TRUE,8,1^3*8 = 8
1884,TRUE,8,1^4*8 = 8
1885,TRUE,8,1^5*8 = 8
1886,TRUE,8,1^6*8 = 8
1887,TRUE,6,1*8! = 8*7!
1888,TRUE,8,1^8*8 = 8
1889,TRUE,6,9!/8!-1 = 8
1890,TRUE,1,1+8 = 9+0
1891,TRUE,3,1^8 = 1^9
1892,TRUE,1,1+9 = 8+2
1893,TRUE,8,1^3+8 = 9
1894,TRUE,8,1^4+8 = 9
1895,TRUE,8,1^5+8 = 9
1896,TRUE,8,1^6+8 = 9
1897,TRUE,6,1+8!/7! = 9
1898,TRUE,6,9!/8!-1 = 8
1899,TRUE,6,1*9! = 8!*9
1900,TRUE,2,1*0 = 9*0
1901,TRUE,3,1^9 = 1^0
1902,TRUE,5,0!^9 = 1^2
1903,TRUE,5,0!^9 = 1^3
1904,TRUE,5,0!^9 = 1^4
1905,TRUE,5,0!^9 = 1^5
1906,TRUE,5,0!^9 = 1^6
1907,TRUE,5,0!+1+7 = 9
1908,TRUE,1,1+8 = 9+0
1909,TRUE,4,1*9+0 = 9
1910,TRUE,3,1^9 = 1^0
1911,TRUE,3,1^9 = 1^1
1912,TRUE,3,1^9 = 1^2
1913,TRUE,3,1^9 = 1^3
1914,TRUE,3,1^9 = 1^4
1915,TRUE,3,1^9 = 1^5
1916,TRUE,3,1^9 = 1^6
1917,TRUE,1,1+1+7 = 9
1918,TRUE,3,1^9 = 1^8
1919,TRUE,1,1+9 = 1+9
1920,TRUE,5,0!^9 = 1^2
1921,TRUE,3,1^9 = 1^2
1922,TRUE,8,1^9*2 = 2
1923,TRUE,6,9/3-1 = 2
1924,TRUE,4,1+2*4 = 9
1925,TRUE,4,2*5 = 1+9
1926,TRUE,1,1+2+6 = 9
1927,TRUE,4,1*2+7 = 9
1928,TRUE,1,1+9 = 2+8
1929,TRUE,6,1+9/9 = 2
1930,TRUE,5,0!^9 = 1^3
1931,TRUE,3,1^9 = 1^3
1932,TRUE,6,9/3-1 = 2
1933,TRUE,2,1*9 = 3*3
1934,TRUE,6,1+9/3 = 4
1935,TRUE,1,1+3+5 = 9
1936,TRUE,4,1*3+6 = 9
1937,TRUE,1,1+9 = 3+7
1938,TRUE,8,1^3+8 = 9
1939,TRUE,8,1^3*9 = 9
1940,TRUE,5,0!^9 = 1^4
1941,TRUE,3,1^9 = 1^4
1942,TRUE,4,1+4*2 = 9
1943,TRUE,6,1+9/3 = 4
1944,TRUE,1,1+4+4 = 9
1945,TRUE,4,1*4+5 = 9
1946,TRUE,1,1+9 = 4+6
1947,TRUE,14,√(4*1) = 7-9
1948,TRUE,8,1^4+8 = 9
1949,TRUE,8,1^4*9 = 9
1950,TRUE,5,0!^9 = 1^5
1951,TRUE,3,1^9 = 1^5
1952,TRUE,4,5*2 = 1+9
1953,TRUE,1,1+5+3 = 9
1954,TRUE,4,1*5+4 = 9
1955,TRUE,1,1+9 = 5+5
1956,TRUE,8,1^9+5 = 6
1957,TRUE,14,√(5-1) = 7-9
1958,TRUE,8,1^5+8 = 9
1959,TRUE,8,1^5*9 = 9
1960,TRUE,5,0!^9 = 1^6
1961,TRUE,3,1^9 = 1^6
1962,TRUE,1,1+6+2 = 9
1963,TRUE,4,1*6+3 = 9
1964,TRUE,1,1+9 = 6+4
1965,TRUE,8,1^9+5 = 6
1966,TRUE,8,1^9*6 = 6
1967,TRUE,8,1^9+6 = 7
1968,TRUE,8,1^6+8 = 9
1969,TRUE,8,1^6*9 = 9
1970,TRUE,5,0!+7+1 = 9
1971,TRUE,1,1+7+1 = 9
1972,TRUE,4,1*7+2 = 9
1973,TRUE,1,1+9 = 7+3
1974,TRUE,14,√(4*1) = 7-9
1975,TRUE,14,√(5-1) = 7-9
1976,TRUE,8,1^9+6 = 7
1977,TRUE,8,1^9*7 = 7
1978,TRUE,6,1+8!/7! = 9
1979,TRUE,8,1^7*9 = 9
1980,TRUE,1,1+8 = 9+0
1981,TRUE,3,1^9 = 1^8
1982,TRUE,1,1+9 = 8+2
1983,TRUE,8,1^3+8 = 9
1984,TRUE,8,1^4+8 = 9
1985,TRUE,8,1^5+8 = 9
1986,TRUE,8,1^6+8 = 9
1987,TRUE,6,1+8!/7! = 9
1988,TRUE,6,9!/8!-1 = 8
1989,TRUE,6,1*9! = 8!*9
1990,TRUE,4,1*9+0 = 9
1991,TRUE,1,1+9 = 9+1
1992,TRUE,6,1+9/9 = 2
1993,TRUE,8,1^3*9 = 9
1994,TRUE,8,1^4*9 = 9
1995,TRUE,8,1^5*9 = 9
1996,TRUE,8,1^6*9 = 9
1997,TRUE,8,1^7*9 = 9
1998,TRUE,6,1*9! = 9*8!
1999,TRUE,8,1^9*9 = 9
2000,TRUE,2,2*0 = 0*0
2001,TRUE,2,2*0 = 0*1
2002,TRUE,1,2+0 = 0+2
2003,TRUE,2,2*0 = 0*3
2004,TRUE,2,2*0 = 0*4
2005,TRUE,2,2*0 = 0*5
2006,TRUE,2,2*0 = 0*6
2007,TRUE,2,2*0 = 0*7
2008,TRUE,2,2*0 = 0*8
2009,TRUE,2,2*0 = 0*9
2010,TRUE,2,2*0 = 1*0
2011,TRUE,1,2+0 = 1+1
2012,TRUE,4,2+0*1 = 2
2013,TRUE,1,2+1 = 0+3
2014,TRUE,5,2+0!+1 = 4
2015,TRUE,5,0!^2 = 1^5
2016,TRUE,5,0!^2 = 1^6
2017,TRUE,5,0!^2 = 1^7
2018,TRUE,5,0!^2 = 1^8
2019,TRUE,5,0!^2 = 1^9
2020,TRUE,1,2+0 = 2+0
2021,TRUE,4,2+0*1 = 2
2022,TRUE,4,2*0+2 = 2
2023,TRUE,4,2+0*3 = 2
2024,TRUE,1,2+2 = 0+4
2025,TRUE,4,2+0*5 = 2
2026,TRUE,4,2+0*6 = 2
2027,TRUE,4,2+0*7 = 2
2028,TRUE,4,2+0*8 = 2
2029,TRUE,4,2+0*9 = 2
2030,TRUE,2,2*0 = 3*0
2031,TRUE,1,2+1 = 0+3
2032,TRUE,4,2+0*3 = 2
2033,TRUE,4,2*0+3 = 3
2034,TRUE,5,2+3 = 0!+4
2035,TRUE,1,2+3 = 0+5
2036,TRUE,4,0+6 = 2*3
2037,TRUE,5,2*3+0! = 7
2038,TRUE,5,8/2-0! = 3
2039,TRUE,5,9/3-2 = 0!
2040,TRUE,2,2*0 = 4*0
2041,TRUE,5,2+0!+1 = 4
2042,TRUE,1,2+2 = 0+4
2043,TRUE,5,2+3 = 0!+4
2044,TRUE,4,2*0+4 = 4
2045,TRUE,5,2+4 = 0!+5
2046,TRUE,1,2+4 = 0+6
2047,TRUE,5,2+0!+4 = 7
2048,TRUE,4,0+8 = 2*4
2049,TRUE,5,2*4+0! = 9
2050,TRUE,2,2*0 = 5*0
2051,TRUE,5,0!^2 = 1^5
2052,TRUE,4,2+0*5 = 2
2053,TRUE,1,2+3 = 0+5
2054,TRUE,5,2+4 = 0!+5
2055,TRUE,4,2*0+5 = 5
2056,TRUE,5,2+5 = 0!+6
2057,TRUE,1,2+5 = 0+7
2058,TRUE,5,2+0!+5 = 8
2059,TRUE,5,0!+9 = 2*5
2060,TRUE,2,2*0 = 6*0
2061,TRUE,5,0!^2 = 1^6
2062,TRUE,4,2+0*6 = 2
2063,TRUE,4,0+6 = 2*3
2064,TRUE,1,2+4 = 0+6
2065,TRUE,5,2+5 = 0!+6
2066,TRUE,4,2*0+6 = 6
2067,TRUE,5,2+6 = 0!+7
2068,TRUE,1,2+6 = 0+8
2069,TRUE,5,2+0!+6 = 9
2070,TRUE,2,2*0 = 7*0
2071,TRUE,5,0!^2 = 1^7
2072,TRUE,4,2+0*7 = 2
2073,TRUE,5,2*3+0! = 7
2074,TRUE,5,2+0!+4 = 7
2075,TRUE,1,2+5 = 0+7
2076,TRUE,5,2+6 = 0!+7
2077,TRUE,4,2*0+7 = 7
2078,TRUE,5,2+7 = 0!+8
2079,TRUE,1,2+7 = 0+9
2080,TRUE,2,2*0 = 8*0
2081,TRUE,5,0!^2 = 1^8
2082,TRUE,4,2+0*8 = 2
2083,TRUE,5,8/2-0! = 3
2084,TRUE,4,0+8 = 2*4
2085,TRUE,5,2+0!+5 = 8
2086,TRUE,1,2+6 = 0+8
2087,TRUE,5,2+7 = 0!+8
2088,TRUE,4,2*0+8 = 8
2089,TRUE,5,2+8 = 0!+9
2090,TRUE,2,2*0 = 9*0
2091,TRUE,5,0!^2 = 1^9
2092,TRUE,4,2+0*9 = 2
2093,TRUE,5,9/3-2 = 0!
2094,TRUE,5,2*4+0! = 9
2095,TRUE,5,0!+9 = 2*5
2096,TRUE,5,2+0!+6 = 9
2097,TRUE,1,2+7 = 0+9
2098,TRUE,5,2+8 = 0!+9
2099,TRUE,4,2*0+9 = 9
2100,TRUE,2,2*0 = 1*0
2101,TRUE,1,2+0 = 1+1
2102,TRUE,4,2*1+0 = 2
2103,TRUE,1,2+1 = 0+3
2104,TRUE,5,2+0!+1 = 4
2105,TRUE,5,0!^2 = 1^5
2106,TRUE,5,0!^2 = 1^6
2107,TRUE,5,0!^2 = 1^7
2108,TRUE,5,0!^2 = 1^8
2109,TRUE,5,0!^2 = 1^9
2110,TRUE,1,2+0 = 1+1
2111,TRUE,3,1^2 = 1^1
2112,TRUE,1,2+1 = 1+2
2113,TRUE,3,1^2 = 1^3
2114,TRUE,1,2+1+1 = 4
2115,TRUE,3,1^2 = 1^5
2116,TRUE,3,1^2 = 1^6
2117,TRUE,3,1^2 = 1^7
2118,TRUE,3,1^2 = 1^8
2119,TRUE,3,1^2 = 1^9
2120,TRUE,4,2*1+0 = 2
2121,TRUE,1,2+1 = 2+1
2122,TRUE,6,2/2+1 = 2
2123,TRUE,1,2+2 = 1+3
2124,TRUE,2,2*2 = 1*4
2125,TRUE,1,2+1+2 = 5
2126,TRUE,6,6/2-1 = 2
2127,TRUE,8,2*1^7 = 2
2128,TRUE,8,2*1^8 = 2
2129,TRUE,8,2*1^9 = 2
2130,TRUE,1,2+1 = 3+0
2131,TRUE,3,1^2 = 1^3
2132,TRUE,1,2+2 = 1+3
2133,TRUE,6,2-3/3 = 1
2134,TRUE,1,2+3 = 1+4
2135,TRUE,4,2*1+3 = 5
2136,TRUE,1,2+1+3 = 6
2137,TRUE,6,2*3+1 = 7
2138,TRUE,6,8/2-1 = 3
2139,TRUE,6,9/3-2 = 1
2140,TRUE,5,2+0!+1 = 4
2141,TRUE,1,2+1+1 = 4
2142,TRUE,2,2*2 = 1*4
2143,TRUE,1,2+3 = 1+4
2144,TRUE,6,2-4/4 = 1
2145,TRUE,1,2+4 = 1+5
2146,TRUE,4,2*1+4 = 6
2147,TRUE,1,2+1+4 = 7
2148,TRUE,2,2*4 = 1*8
2149,TRUE,6,2*4+1 = 9
2150,TRUE,5,0!^2 = 1^5
2151,TRUE,3,1^2 = 1^5
2152,TRUE,1,2+1+2 = 5
2153,TRUE,4,2*1+3 = 5
2154,TRUE,1,2+4 = 1+5
2155,TRUE,6,2-5/5 = 1
2156,TRUE,1,2+5 = 1+6
2157,TRUE,4,2*1+5 = 7
2158,TRUE,1,2+1+5 = 8
2159,TRUE,4,1+9 = 2*5
2160,TRUE,5,0!^2 = 1^6
2161,TRUE,3,1^2 = 1^6
2162,TRUE,6,6/2-1 = 2
2163,TRUE,1,2+1+3 = 6
2164,TRUE,4,2*1+4 = 6
2165,TRUE,1,2+5 = 1+6
2166,TRUE,6,2-6/6 = 1
2167,TRUE,1,2+6 = 1+7
2168,TRUE,4,2*1+6 = 8
2169,TRUE,1,2+1+6 = 9
2170,TRUE,5,0!^2 = 1^7
2171,TRUE,3,1^2 = 1^7
2172,TRUE,8,2*1^7 = 2
2173,TRUE,6,2*3+1 = 7
2174,TRUE,1,2+1+4 = 7
2175,TRUE,4,2*1+5 = 7
2176,TRUE,1,2+6 = 1+7
2177,TRUE,6,2-7/7 = 1
2178,TRUE,1,2+7 = 1+8
2179,TRUE,4,2*1+7 = 9
2180,TRUE,5,0!^2 = 1^8
2181,TRUE,3,1^2 = 1^8
2182,TRUE,8,2*1^8 = 2
2183,TRUE,6,8/2-1 = 3
2184,TRUE,2,2*4 = 1*8
2185,TRUE,1,2+1+5 = 8
2186,TRUE,4,2*1+6 = 8
2187,TRUE,1,2+7 = 1+8
2188,TRUE,6,2-8/8 = 1
2189,TRUE,1,2+8 = 1+9
2190,TRUE,5,0!^2 = 1^9
2191,TRUE,3,1^2 = 1^9
2192,TRUE,8,2*1^9 = 2
2193,TRUE,6,9/3-2 = 1
2194,TRUE,6,2*4+1 = 9
2195,TRUE,4,1+9 = 2*5
2196,TRUE,1,2+1+6 = 9
2197,TRUE,4,2*1+7 = 9
2198,TRUE,1,2+8 = 1+9
2199,TRUE,6,2-9/9 = 1
2200,TRUE,1,2+0 = 2+0
2201,TRUE,4,2+0*1 = 2
2202,TRUE,4,2+2*0 = 2
2203,TRUE,4,2+0*3 = 2
2204,TRUE,1,2+2 = 0+4
2205,TRUE,4,2+0*5 = 2
2206,TRUE,4,2+0*6 = 2
2207,TRUE,4,2+0*7 = 2
2208,TRUE,4,2+0*8 = 2
2209,TRUE,4,2+0*9 = 2
2210,TRUE,4,2*1+0 = 2
2211,TRUE,1,2+1 = 2+1
2212,TRUE,6,2/2+1 = 2
2213,TRUE,1,2+2 = 1+3
2214,TRUE,2,2*2 = 1*4
2215,TRUE,1,2+2+1 = 5
2216,TRUE,6,6/2-2 = 1
2217,TRUE,8,2*1^7 = 2
2218,TRUE,8,2*1^8 = 2
2219,TRUE,8,2*1^9 = 2
2220,TRUE,4,2+2*0 = 2
2221,TRUE,6,2-2/2 = 1
2222,TRUE,1,2+2 = 2+2
2223,TRUE,6,2+2/2 = 3
2224,TRUE,9,√(2^2)+2 = 4
2225,TRUE,10,√(5-2/2) = 2
2226,TRUE,1,2+2+2 = 6
2227,TRUE,18,√(√(2+7)!-2) = 2
2228,TRUE,2,2*2*2 = 8
2229,TRUE,10,2+2/2 = √(9)
2230,TRUE,4,2+3*0 = 2
2231,TRUE,1,2+2 = 3+1
2232,TRUE,6,2+2/2 = 3
2233,TRUE,1,2+3 = 2+3
2234,TRUE,4,2+4 = 2*3
2235,TRUE,6,2/2+5 = 3!
2236,TRUE,6,2+3! = 2+6
2237,TRUE,1,2+2+3 = 7
2238,TRUE,4,2+2*3 = 8
2239,TRUE,11,√(√(3^2^2)) = √(9)
2240,TRUE,1,2+2 = 4+0
2241,TRUE,2,2*2 = 4*1
2242,TRUE,9,√(2^2)+2 = 4
2243,TRUE,4,2*3 = 2+4
2244,TRUE,1,2+4 = 2+4
2245,TRUE,6,2/2+4 = 5
2246,TRUE,4,2+6 = 2*4
2247,TRUE,18,√(√(√(4)+7)!-2) = 2
2248,TRUE,1,2+2+4 = 8
2249,TRUE,10,4-2/2 = √(9)
2250,TRUE,4,2+5*0 = 2
2251,TRUE,1,2+2+1 = 5
2252,TRUE,10,√(5-2/2) = 2
2253,TRUE,6,2/2+5 = 3!
2254,TRUE,6,2/2+4 = 5
2255,TRUE,1,2+5 = 2+5
2256,TRUE,6,2/2+5 = 6
2257,TRUE,9,√(2^2)+5 = 7
2258,TRUE,4,2+8 = 2*5
2259,TRUE,1,2+2+5 = 9
2260,TRUE,4,2+6*0 = 2
2261,TRUE,6,6/2-2 = 1
2262,TRUE,1,2+2+2 = 6
2263,TRUE,6,2+3! = 2+6
2264,TRUE,4,2*4 = 2+6
2265,TRUE,6,2/2+5 = 6
2266,TRUE,1,2+6 = 2+6
2267,TRUE,6,2/2+6 = 7
2268,TRUE,6,2+8/2 = 6
2269,TRUE,11,6/2 = √(√(9^2))
2270,TRUE,4,2+7*0 = 2
2271,TRUE,8,2*1^7 = 2
2272,TRUE,18,√(√(2+7)!-2) = 2
2273,TRUE,1,2+2+3 = 7
2274,TRUE,18,√(√(√(4)+7)!-2) = 2
2275,TRUE,9,√(2^2)+5 = 7
2276,TRUE,6,2/2+6 = 7
2277,TRUE,1,2+7 = 2+7
2278,TRUE,6,2/2+7 = 8
2279,TRUE,9,√(2^2)+7 = 9
2280,TRUE,4,2+8*0 = 2
2281,TRUE,8,2*1^8 = 2
2282,TRUE,2,2*2*2 = 8
2283,TRUE,4,2+2*3 = 8
2284,TRUE,1,2+2+4 = 8
2285,TRUE,4,2*5 = 2+8
2286,TRUE,6,2+8/2 = 6
2287,TRUE,6,2/2+7 = 8
2288,TRUE,1,2+8 = 2+8
2289,TRUE,6,2/2+8 = 9
2290,TRUE,4,2+9*0 = 2
2291,TRUE,8,2*1^9 = 2
2292,TRUE,10,2+2/2 = √(9)
2293,TRUE,11,√(√(3^2^2)) = √(9)
2294,TRUE,10,4-2/2 = √(9)
2295,TRUE,1,2+2+5 = 9
2296,TRUE,11,6/2 = √(√(9^2))
2297,TRUE,9,√(2^2)+7 = 9
2298,TRUE,6,2/2+8 = 9
2299,TRUE,1,2+9 = 2+9
2300,TRUE,2,2*0 = 3*0
2301,TRUE,1,2+1 = 3+0
2302,TRUE,4,2+3*0 = 2
2303,TRUE,4,2*0+3 = 3
2304,TRUE,5,2+3 = 0!+4
2305,TRUE,1,2+3 = 0+5
2306,TRUE,4,2*3+0 = 6
2307,TRUE,5,2*3+0! = 7
2308,TRUE,5,8/2-3 = 0!
2309,TRUE,5,9/3-2 = 0!
2310,TRUE,1,2+1 = 3+0
2311,TRUE,3,1^2 = 1^3
2312,TRUE,1,2+2 = 3+1
2313,TRUE,6,2-3/3 = 1
2314,TRUE,1,2+3 = 1+4
2315,TRUE,4,2+3*1 = 5
2316,TRUE,1,2+3+1 = 6
2317,TRUE,4,2*3+1 = 7
2318,TRUE,6,8/2-3 = 1
2319,TRUE,6,9/3-2 = 1
2320,TRUE,4,2+3*0 = 2
2321,TRUE,1,2+2 = 3+1
2322,TRUE,6,2+2/2 = 3
2323,TRUE,1,2+3 = 2+3
2324,TRUE,4,2+4 = 2*3
2325,TRUE,6,2+3!/2 = 5
2326,TRUE,6,2+3! = 2+6
2327,TRUE,1,2+3+2 = 7
2328,TRUE,4,2*3+2 = 8
2329,TRUE,11,√(√(3^2^2)) = √(9)
2330,TRUE,5,2-3/3 = 0!
2331,TRUE,6,2-3/3 = 1
2332,TRUE,1,2+3 = 3+2
2333,TRUE,4,3+3 = 2*3
2334,TRUE,1,2+4 = 3+3
2335,TRUE,6,2+3! = 3+5
2336,TRUE,6,2+3!/6 = 3
2337,TRUE,4,3*3 = 2+7
2338,TRUE,1,2+3+3 = 8
2339,TRUE,4,2*3+3 = 9
2340,TRUE,5,2+3 = 4+0!
2341,TRUE,1,2+3 = 4+1
2342,TRUE,4,4+2 = 2*3
2343,TRUE,1,2+4 = 3+3
2344,TRUE,6,2+4/4 = 3
2345,TRUE,1,2+5 = 3+4
2346,TRUE,2,2*6 = 3*4
2347,TRUE,6,3!/2+4 = 7
2348,TRUE,6,2+8 = 3!+4
2349,TRUE,1,2+3+4 = 9
2350,TRUE,1,2+3 = 5+0
2351,TRUE,4,2+3*1 = 5
2352,TRUE,6,2+3!/2 = 5
2353,TRUE,6,2+3! = 5+3
2354,TRUE,1,2+5 = 3+4
2355,TRUE,6,2+5/5 = 3
2356,TRUE,1,2+6 = 3+5
2357,TRUE,4,3+7 = 2*5
2358,TRUE,6,3!/2+5 = 8
2359,TRUE,6,2+9/3 = 5
2360,TRUE,4,2*3+0 = 6
2361,TRUE,1,2+3+1 = 6
2362,TRUE,6,2+3! = 6+2
2363,TRUE,6,2+3!/6 = 3
2364,TRUE,2,2*6 = 3*4
2365,TRUE,1,2+6 = 3+5
2366,TRUE,6,2+6/6 = 3
2367,TRUE,1,2+7 = 3+6
2368,TRUE,18,√(3!*6) = 8-2
2369,TRUE,2,2*9 = 3*6
2370,TRUE,5,2*3+0! = 7
2371,TRUE,4,2*3+1 = 7
2372,TRUE,1,2+3+2 = 7
2373,TRUE,4,3*3 = 2+7
2374,TRUE,6,3!/2+4 = 7
2375,TRUE,4,3+7 = 2*5
2376,TRUE,1,2+7 = 3+6
2377,TRUE,6,2+7/7 = 3
2378,TRUE,1,2+8 = 3+7
2379,TRUE,14,√(7-9/3) = 2
2380,TRUE,5,8/2-3 = 0!
2381,TRUE,6,8/2-3 = 1
2382,TRUE,4,2*3+2 = 8
2383,TRUE,1,2+3+3 = 8
2384,TRUE,6,2+8 = 3!+4
2385,TRUE,6,3!/2+5 = 8
2386,TRUE,18,√(3!*6) = 8-2
2387,TRUE,1,2+8 = 3+7
2388,TRUE,6,2+8/8 = 3
2389,TRUE,1,2+9 = 3+8
2390,TRUE,5,9/3-2 = 0!
2391,TRUE,6,9/3-2 = 1
2392,TRUE,11,√(√(3^2^2)) = √(9)
2393,TRUE,4,2*3+3 = 9
2394,TRUE,1,2+3+4 = 9
2395,TRUE,6,2+9/3 = 5
2396,TRUE,2,2*9 = 3*6
2397,TRUE,14,√(7-9/3) = 2
2398,TRUE,1,2+9 = 3+8
2399,TRUE,6,2+9/9 = 3
2400,TRUE,2,2*0 = 4*0
2401,TRUE,5,2+0!+1 = 4
2402,TRUE,1,2+2 = 4+0
2403,TRUE,5,2+3 = 4+0!
2404,TRUE,4,2*0+4 = 4
2405,TRUE,5,2+4 = 0!+5
2406,TRUE,1,2+4 = 0+6
2407,TRUE,5,2+4+0! = 7
2408,TRUE,4,2*4+0 = 8
2409,TRUE,5,2*4+0! = 9
2410,TRUE,5,2+0!+1 = 4
2411,TRUE,1,2+1+1 = 4
2412,TRUE,2,2*2 = 4*1
2413,TRUE,1,2+3 = 4+1
2414,TRUE,6,2-4/4 = 1
2415,TRUE,1,2+4 = 1+5
2416,TRUE,4,2+4*1 = 6
2417,TRUE,1,2+4+1 = 7
2418,TRUE,2,2*4 = 1*8
2419,TRUE,4,2*4+1 = 9
2420,TRUE,1,2+2 = 4+0
2421,TRUE,2,2*2 = 4*1
2422,TRUE,9,√(2^2)+2 = 4
2423,TRUE,4,2*3 = 2+4
2424,TRUE,1,2+4 = 2+4
2425,TRUE,6,2/2+4 = 5
2426,TRUE,4,2+6 = 2*4
2427,TRUE,18,√(√(√(4)+7)!-2) = 2
2428,TRUE,1,2+4+2 = 8
2429,TRUE,10,4-2/2 = √(9)
2430,TRUE,5,2+3 = 4+0!
2431,TRUE,1,2+3 = 4+1
2432,TRUE,4,3*2 = 2+4
2433,TRUE,1,2+4 = 3+3
2434,TRUE,6,2+4/4 = 3
2435,TRUE,1,2+5 = 4+3
2436,TRUE,2,2*6 = 4*3
2437,TRUE,6,4+3!/2 = 7
2438,TRUE,6,2+8 = 4+3!
2439,TRUE,1,2+4+3 = 9
2440,TRUE,5,2-4/4 = 0!
2441,TRUE,6,2-4/4 = 1
2442,TRUE,1,2+4 = 4+2
2443,TRUE,6,2+4/4 = 3
2444,TRUE,4,4+4 = 2*4
2445,TRUE,10,√(5-4/4) = 2
2446,TRUE,1,2+6 = 4+4
2447,TRUE,16,(7-4)! = 2+4
2448,TRUE,2,2*8 = 4*4
2449,TRUE,10,2+4/4 = √(9)
2450,TRUE,5,2+4 = 5+0!
2451,TRUE,1,2+4 = 5+1
2452,TRUE,6,2/2+4 = 5
2453,TRUE,1,2+5 = 4+3
2454,TRUE,10,√(5-4/4) = 2
2455,TRUE,9,(√(4^2))!*5 = 5!
2456,TRUE,4,4+6 = 2*5
2457,TRUE,1,2+7 = 4+5
2458,TRUE,6,2+4!/8 = 5
2459,TRUE,9,√(4^2)+5 = 9
2460,TRUE,1,2+4 = 6+0
2461,TRUE,4,2+4*1 = 6
2462,TRUE,4,6+2 = 2*4
2463,TRUE,2,2*6 = 4*3
2464,TRUE,1,2+6 = 4+4
2465,TRUE,4,4+6 = 2*5
2466,TRUE,6,2+4!/6 = 6
2467,TRUE,6,4+6/2 = 7
2468,TRUE,1,2+8 = 4+6
2469,TRUE,6,2*9+6 = 4!
2470,TRUE,5,2+4+0! = 7
2471,TRUE,1,2+4+1 = 7
2472,TRUE,18,√(√(√(4)+7)!-2) = 2
2473,TRUE,6,4+3!/2 = 7
2474,TRUE,16,(7-4)! = 2+4
2475,TRUE,1,2+7 = 4+5
2476,TRUE,6,4+6/2 = 7
2477,TRUE,10,√(4*7/7) = 2
2478,TRUE,6,2*4*7! = 8!
2479,TRUE,1,2+9 = 4+7
2480,TRUE,4,2*4+0 = 8
2481,TRUE,2,2*4 = 8*1
2482,TRUE,1,2+4+2 = 8
2483,TRUE,6,2+8 = 4+3!
2484,TRUE,2,2*8 = 4*4
2485,TRUE,6,2+4!/8 = 5
2486,TRUE,1,2+8 = 4+6
2487,TRUE,6,2*4*7! = 8!
2488,TRUE,6,4+8/2 = 8
2489,TRUE,14,2 = √(4)(9-8)
2490,TRUE,5,2*4+0! = 9
2491,TRUE,4,2*4+1 = 9
2492,TRUE,10,4-2/2 = √(9)
2493,TRUE,1,2+4+3 = 9
2494,TRUE,10,2+4/4 = √(9)
2495,TRUE,9,√(4^2)+5 = 9
2496,TRUE,6,2*9+6 = 4!
2497,TRUE,1,2+9 = 4+7
2498,TRUE,14,2 = √(4)(9-8)
2499,TRUE,10,√(4*9/9) = 2
2500,TRUE,2,2*0 = 5*0
2501,TRUE,5,0!^2 = 1^5
2502,TRUE,4,2+5*0 = 2
2503,TRUE,1,2+3 = 5+0
2504,TRUE,5,2+4 = 5+0!
2505,TRUE,4,2*0+5 = 5
2506,TRUE,5,2+5 = 0!+6
2507,TRUE,1,2+5 = 0+7
2508,TRUE,5,2+5+0! = 8
2509,TRUE,5,0!+9 = 2*5
2510,TRUE,5,0!^2 = 1^5
2511,TRUE,3,1^2 = 1^5
2512,TRUE,1,2+1+2 = 5
2513,TRUE,4,2*1+3 = 5
2514,TRUE,1,2+4 = 5+1
2515,TRUE,6,2-5/5 = 1
2516,TRUE,1,2+5 = 1+6
2517,TRUE,4,2+5*1 = 7
2518,TRUE,1,2+5+1 = 8
2519,TRUE,4,1+9 = 2*5
2520,TRUE,4,2+5*0 = 2
2521,TRUE,1,2+2+1 = 5
2522,TRUE,10,√(5-2/2) = 2
2523,TRUE,6,2/2+5 = 3!
2524,TRUE,6,2/2+4 = 5
2525,TRUE,1,2+5 = 2+5
2526,TRUE,6,2/2+5 = 6
2527,TRUE,9,√(2^2)+5 = 7
2528,TRUE,4,2+8 = 2*5
2529,TRUE,1,2+5+2 = 9
2530,TRUE,1,2+3 = 5+0
2531,TRUE,4,2+3*1 = 5
2532,TRUE,6,2+3!/2 = 5
2533,TRUE,6,2+3! = 5+3
2534,TRUE,1,2+5 = 3+4
2535,TRUE,6,2+5/5 = 3
2536,TRUE,1,2+6 = 5+3
2537,TRUE,4,3+7 = 2*5
2538,TRUE,6,5+3!/2 = 8
2539,TRUE,6,2+9/3 = 5
2540,TRUE,5,2+4 = 5+0!
2541,TRUE,1,2+4 = 5+1
2542,TRUE,6,2/2+4 = 5
2543,TRUE,1,2+5 = 4+3
2544,TRUE,10,√(5-4/4) = 2
2545,TRUE,9,(√(4^2))!*5 = 5!
2546,TRUE,4,4+6 = 2*5
2547,TRUE,1,2+7 = 5+4
2548,TRUE,6,2+4!/8 = 5
2549,TRUE,9,√(4^2)+5 = 9
2550,TRUE,5,2-5/5 = 0!
2551,TRUE,6,2-5/5 = 1
2552,TRUE,1,2+5 = 5+2
2553,TRUE,6,2+5/5 = 3
2554,TRUE,9,(√(4^2))!*5 = 5!
2555,TRUE,4,5+5 = 2*5
2556,TRUE,16,(2+5/5)! = 6
2557,TRUE,15,2+√(5*5) = 7
2558,TRUE,1,2+8 = 5+5
2559,TRUE,10,2+5/5 = √(9)
2560,TRUE,5,2+5 = 6+0!
2561,TRUE,1,2+5 = 6+1
2562,TRUE,6,2+6/2 = 5
2563,TRUE,1,2+6 = 5+3
2564,TRUE,4,6+4 = 2*5
2565,TRUE,16,(2+5/5)! = 6
2566,TRUE,9,(√(5^2))!*6 = 6!
2567,TRUE,4,5+7 = 2*6
2568,TRUE,6,5+6/2 = 8
2569,TRUE,1,2+9 = 5+6
2570,TRUE,1,2+5 = 7+0
2571,TRUE,4,2+5*1 = 7
2572,TRUE,9,√(2^2)+5 = 7
2573,TRUE,4,7+3 = 2*5
2574,TRUE,1,2+7 = 5+4
2575,TRUE,15,2+√(5*5) = 7
2576,TRUE,4,5+7 = 2*6
2577,TRUE,10,√(5-7/7) = 2
2578,TRUE,14,√(5-8+7) = 2
2579,TRUE,4,5+9 = 2*7
2580,TRUE,5,2+5+0! = 8
2581,TRUE,1,2+5+1 = 8
2582,TRUE,4,8+2 = 2*5
2583,TRUE,6,5+3!/2 = 8
2584,TRUE,6,2+4!/8 = 5
2585,TRUE,1,2+8 = 5+5
2586,TRUE,6,5+6/2 = 8
2587,TRUE,14,√(5-8+7) = 2
2588,TRUE,10,√(5-8/8) = 2
2589,TRUE,6,5+8/2 = 9
2590,TRUE,5,9+0! = 2*5
2591,TRUE,4,9+1 = 2*5
2592,TRUE,1,2+5+2 = 9
2593,TRUE,6,2+9/3 = 5
2594,TRUE,9,√(4^2)+5 = 9
2595,TRUE,10,2+5/5 = √(9)
2596,TRUE,1,2+9 = 5+6
2597,TRUE,4,5+9 = 2*7
2598,TRUE,6,5+8/2 = 9
2599,TRUE,10,√(5-9/9) = 2
2600,TRUE,2,2*0 = 6*0
2601,TRUE,5,0!^2 = 1^6
2602,TRUE,4,2+6*0 = 2
2603,TRUE,4,6+0 = 2*3
2604,TRUE,1,2+4 = 6+0
2605,TRUE,5,2+5 = 6+0!
2606,TRUE,4,2*0+6 = 6
2607,TRUE,5,2+6 = 0!+7
2608,TRUE,1,2+6 = 0+8
2609,TRUE,5,2+6+0! = 9
2610,TRUE,5,0!^2 = 1^6
2611,TRUE,3,1^2 = 1^6
2612,TRUE,6,6/2-1 = 2
2613,TRUE,1,2+1+3 = 6
2614,TRUE,4,2*1+4 = 6
2615,TRUE,1,2+5 = 6+1
2616,TRUE,6,2-6/6 = 1
2617,TRUE,1,2+6 = 1+7
2618,TRUE,4,2+6*1 = 8
2619,TRUE,1,2+6+1 = 9
2620,TRUE,4,2+6*0 = 2
2621,TRUE,6,6/2-2 = 1
2622,TRUE,1,2+2+2 = 6
2623,TRUE,6,2+3! = 2+6
2624,TRUE,4,2*4 = 2+6
2625,TRUE,6,2+6/2 = 5
2626,TRUE,1,2+6 = 2+6
2627,TRUE,6,2/2+6 = 7
2628,TRUE,6,2+8/2 = 6
2629,TRUE,11,6/2 = √(√(9^2))
2630,TRUE,4,2*3+0 = 6
2631,TRUE,1,2+3+1 = 6
2632,TRUE,6,2+3! = 6+2
2633,TRUE,6,2+3!/6 = 3
2634,TRUE,2,2*6 = 3*4
2635,TRUE,1,2+6 = 3+5
2636,TRUE,6,2+6/6 = 3
2637,TRUE,1,2+7 = 6+3
2638,TRUE,18,√(3!*6) = 8-2
2639,TRUE,2,2*9 = 6*3
2640,TRUE,1,2+4 = 6+0
2641,TRUE,4,2+4*1 = 6
2642,TRUE,4,4*2 = 2+6
2643,TRUE,2,2*6 = 4*3
2644,TRUE,1,2+6 = 4+4
2645,TRUE,4,6+4 = 2*5
2646,TRUE,6,2+4!/6 = 6
2647,TRUE,6,6/2+4 = 7
2648,TRUE,1,2+8 = 6+4
2649,TRUE,6,2*9+6 = 4!
2650,TRUE,5,2+5 = 6+0!
2651,TRUE,1,2+5 = 6+1
2652,TRUE,6,2+6/2 = 5
2653,TRUE,1,2+6 = 5+3
2654,TRUE,4,6+4 = 2*5
2655,TRUE,16,(2+5/5)! = 6
2656,TRUE,9,(√(5^2))!*6 = 6!
2657,TRUE,4,5+7 = 2*6
2658,TRUE,6,6/2+5 = 8
2659,TRUE,1,2+9 = 6+5
2660,TRUE,5,2-6/6 = 0!
2661,TRUE,6,2-6/6 = 1
2662,TRUE,1,2+6 = 6+2
2663,TRUE,6,2+6/6 = 3
2664,TRUE,6,2+4!/6 = 6
2665,TRUE,9,(√(5^2))!*6 = 6!
2666,TRUE,4,6+6 = 2*6
2667,TRUE,16,(2+7-6)! = 6
2668,TRUE,12,6^2 = √(√(6^8))
2669,TRUE,6,6/2+6 = 9
2670,TRUE,5,2+6 = 7+0!
2671,TRUE,1,2+6 = 7+1
2672,TRUE,6,2/2+6 = 7
2673,TRUE,1,2+7 = 6+3
2674,TRUE,6,6/2+4 = 7
2675,TRUE,4,7+5 = 2*6
2676,TRUE,16,(2+7-6)! = 6
2677,TRUE,9,(√(6^2))!*7 = 7!
2678,TRUE,4,6+8 = 2*7
2679,TRUE,6,2+7!/6! = 9
2680,TRUE,1,2+6 = 8+0
2681,TRUE,4,2+6*1 = 8
2682,TRUE,6,2+8/2 = 6
2683,TRUE,18,√(3!*6) = 8-2
2684,TRUE,1,2+8 = 6+4
2685,TRUE,6,6/2+5 = 8
2686,TRUE,12,6^2 = √(√(6^8))
2687,TRUE,4,6+8 = 2*7
2688,TRUE,15,2+6 = √(8*8)
2689,TRUE,17,2^(9-6) = 8
2690,TRUE,5,2+6+0! = 9
2691,TRUE,1,2+6+1 = 9
2692,TRUE,11,6/2 = √(√(9^2))
2693,TRUE,2,2*9 = 6*3
2694,TRUE,6,2*9+6 = 4!
2695,TRUE,1,2+9 = 6+5
2696,TRUE,6,6/2+6 = 9
2697,TRUE,6,2+7!/6! = 9
2698,TRUE,17,2^(9-6) = 8
2699,TRUE,16,(2+9/9)! = 6
2700,TRUE,2,2*0 = 7*0
2701,TRUE,5,0!^2 = 1^7
2702,TRUE,4,2+7*0 = 2
2703,TRUE,5,2*3+0! = 7
2704,TRUE,5,2+0!+4 = 7
2705,TRUE,1,2+5 = 7+0
2706,TRUE,5,2+6 = 7+0!
2707,TRUE,4,2*0+7 = 7
2708,TRUE,5,2+7 = 0!+8
2709,TRUE,1,2+7 = 0+9
2710,TRUE,5,0!^2 = 1^7
2711,TRUE,3,1^2 = 1^7
2712,TRUE,8,2*1^7 = 2
2713,TRUE,6,2*3+1 = 7
2714,TRUE,1,2+1+4 = 7
2715,TRUE,4,2*1+5 = 7
2716,TRUE,1,2+6 = 7+1
2717,TRUE,6,2-7/7 = 1
2718,TRUE,1,2+7 = 1+8
2719,TRUE,4,2+7*1 = 9
2720,TRUE,4,2+7*0 = 2
2721,TRUE,8,2*1^7 = 2
2722,TRUE,18,√(√(2+7)!-2) = 2
2723,TRUE,1,2+2+3 = 7
2724,TRUE,18,√(√(√(4)+7)!-2) = 2
2725,TRUE,9,√(2^2)+5 = 7
2726,TRUE,6,2/2+6 = 7
2727,TRUE,1,2+7 = 2+7
2728,TRUE,6,2/2+7 = 8
2729,TRUE,9,√(2^2)+7 = 9
2730,TRUE,5,2*3+0! = 7
2731,TRUE,4,2*3+1 = 7
2732,TRUE,1,2+3+2 = 7
2733,TRUE,4,3*3 = 2+7
2734,TRUE,6,7-3!/2 = 4
2735,TRUE,4,7+3 = 2*5
2736,TRUE,1,2+7 = 3+6
2737,TRUE,6,2+7/7 = 3
2738,TRUE,1,2+8 = 7+3
2739,TRUE,14,√(7-9/3) = 2
2740,TRUE,5,2+4+0! = 7
2741,TRUE,1,2+4+1 = 7
2742,TRUE,18,√(√(√(4)+7)!-2) = 2
2743,TRUE,6,7-3!/2 = 4
2744,TRUE,16,(7-4)! = 2+4
2745,TRUE,1,2+7 = 4+5
2746,TRUE,6,7-6/2 = 4
2747,TRUE,10,√(4*7/7) = 2
2748,TRUE,6,2*7!*4 = 8!
2749,TRUE,1,2+9 = 7+4
2750,TRUE,1,2+5 = 7+0
2751,TRUE,4,2+5*1 = 7
2752,TRUE,9,√(2^2)+5 = 7
2753,TRUE,4,7+3 = 2*5
2754,TRUE,1,2+7 = 5+4
2755,TRUE,15,2+√(5*5) = 7
2756,TRUE,4,7+5 = 2*6
2757,TRUE,10,√(5-7/7) = 2
2758,TRUE,14,√(5-8+7) = 2
2759,TRUE,4,5+9 = 2*7
2760,TRUE,5,2+6 = 7+0!
2761,TRUE,1,2+6 = 7+1
2762,TRUE,6,2/2+6 = 7
2763,TRUE,1,2+7 = 6+3
2764,TRUE,6,7-6/2 = 4
2765,TRUE,4,7+5 = 2*6
2766,TRUE,16,(2+7-6)! = 6
2767,TRUE,9,(√(6^2))!*7 = 7!
2768,TRUE,4,6+8 = 2*7
2769,TRUE,6,2+7!/6! = 9
2770,TRUE,5,2-7/7 = 0!
2771,TRUE,6,2-7/7 = 1
2772,TRUE,1,2+7 = 7+2
2773,TRUE,6,2+7/7 = 3
2774,TRUE,10,√(4*7/7) = 2
2775,TRUE,10,√(5-7/7) = 2
2776,TRUE,9,(√(6^2))!*7 = 7!
2777,TRUE,4,7+7 = 2*7
2778,TRUE,12,7^2 = √(√(7^8))
2779,TRUE,15,2+√(7*7) = 9
2780,TRUE,5,2+7 = 8+0!
2781,TRUE,1,2+7 = 8+1
2782,TRUE,6,2/2+7 = 8
2783,TRUE,1,2+8 = 7+3
2784,TRUE,6,2*7!*4 = 8!
2785,TRUE,14,√(5-8+7) = 2
2786,TRUE,4,8+6 = 2*7
2787,TRUE,12,7^2 = √(√(7^8))
2788,TRUE,9,(√(7^2))!*8 = 8!
2789,TRUE,4,7+9 = 2*8
2790,TRUE,1,2+7 = 9+0
2791,TRUE,4,2+7*1 = 9
2792,TRUE,9,√(2^2)+7 = 9
2793,TRUE,14,√(7-9/3) = 2
2794,TRUE,1,2+9 = 7+4
2795,TRUE,4,9+5 = 2*7
2796,TRUE,6,2+7!/6! = 9
2797,TRUE,15,2+√(7*7) = 9
2798,TRUE,4,7+9 = 2*8
2799,TRUE,15,2+7 = √(9*9)
2800,TRUE,2,2*0 = 8*0
2801,TRUE,5,0!^2 = 1^8
2802,TRUE,4,2+8*0 = 2
2803,TRUE,5,8/2-0! = 3
2804,TRUE,4,8+0 = 2*4
2805,TRUE,5,2+0!+5 = 8
2806,TRUE,1,2+6 = 8+0
2807,TRUE,5,2+7 = 8+0!
2808,TRUE,4,2*0+8 = 8
2809,TRUE,5,2+8 = 0!+9
2810,TRUE,5,0!^2 = 1^8
2811,TRUE,3,1^2 = 1^8
2812,TRUE,8,2*1^8 = 2
2813,TRUE,6,8/2-1 = 3
2814,TRUE,2,2*4 = 8*1
2815,TRUE,1,2+1+5 = 8
2816,TRUE,4,2*1+6 = 8
2817,TRUE,1,2+7 = 8+1
2818,TRUE,6,2-8/8 = 1
2819,TRUE,1,2+8 = 1+9
2820,TRUE,4,2+8*0 = 2
2821,TRUE,8,2*1^8 = 2
2822,TRUE,2,2*2*2 = 8
2823,TRUE,4,2+2*3 = 8
2824,TRUE,1,2+2+4 = 8
2825,TRUE,4,2*5 = 2+8
2826,TRUE,6,2+8/2 = 6
2827,TRUE,6,2/2+7 = 8
2828,TRUE,1,2+8 = 2+8
2829,TRUE,6,2/2+8 = 9
2830,TRUE,5,8/2-3 = 0!
2831,TRUE,6,8/2-3 = 1
2832,TRUE,4,2*3+2 = 8
2833,TRUE,1,2+3+3 = 8
2834,TRUE,6,2+8 = 3!+4
2835,TRUE,6,8-3!/2 = 5
2836,TRUE,18,√(3!*6) = 8-2
2837,TRUE,1,2+8 = 3+7
2838,TRUE,6,2+8/8 = 3
2839,TRUE,1,2+9 = 8+3
2840,TRUE,4,2*4+0 = 8
2841,TRUE,2,2*4 = 8*1
2842,TRUE,1,2+4+2 = 8
2843,TRUE,6,2+8 = 4+3!
2844,TRUE,2,2*8 = 4*4
2845,TRUE,6,2+4!/8 = 5
2846,TRUE,1,2+8 = 4+6
2847,TRUE,6,2*4*7! = 8!
2848,TRUE,6,8/2+4 = 8
2849,TRUE,14,2 = √(4)(9-8)
2850,TRUE,5,2+5+0! = 8
2851,TRUE,1,2+5+1 = 8
2852,TRUE,4,5*2 = 2+8
2853,TRUE,6,8-3!/2 = 5
2854,TRUE,6,2+4!/8 = 5
2855,TRUE,1,2+8 = 5+5
2856,TRUE,6,8-6/2 = 5
2857,TRUE,14,√(5-8+7) = 2
2858,TRUE,10,√(5-8/8) = 2
2859,TRUE,6,8/2+5 = 9
2860,TRUE,1,2+6 = 8+0
2861,TRUE,4,2+6*1 = 8
2862,TRUE,6,2+8/2 = 6
2863,TRUE,18,√(3!*6) = 8-2
2864,TRUE,1,2+8 = 6+4
2865,TRUE,6,8-6/2 = 5
2866,TRUE,12,6^2 = √(√(6^8))
2867,TRUE,4,8+6 = 2*7
2868,TRUE,15,2+6 = √(8*8)
2869,TRUE,17,2^(9-6) = 8
2870,TRUE,5,2+7 = 8+0!
2871,TRUE,1,2+7 = 8+1
2872,TRUE,6,2/2+7 = 8
2873,TRUE,1,2+8 = 7+3
2874,TRUE,6,2*7!*4 = 8!
2875,TRUE,14,√(5-8+7) = 2
2876,TRUE,4,8+6 = 2*7
2877,TRUE,12,7^2 = √(√(7^8))
2878,TRUE,9,(√(7^2))!*8 = 8!
2879,TRUE,4,7+9 = 2*8
2880,TRUE,5,2-8/8 = 0!
2881,TRUE,6,2-8/8 = 1
2882,TRUE,1,2+8 = 8+2
2883,TRUE,6,2+8/8 = 3
2884,TRUE,6,8/2+4 = 8
2885,TRUE,10,√(5-8/8) = 2
2886,TRUE,15,2+6 = √(8*8)
2887,TRUE,9,(√(7^2))!*8 = 8!
2888,TRUE,4,8+8 = 2*8
2889,TRUE,10,2+8/8 = √(9)
2890,TRUE,5,2+8 = 9+0!
2891,TRUE,1,2+8 = 9+1
2892,TRUE,6,2/2+8 = 9
2893,TRUE,1,2+9 = 8+3
2894,TRUE,14,2 = √(4)(9-8)
2895,TRUE,6,8/2+5 = 9
2896,TRUE,17,2^(9-6) = 8
2897,TRUE,4,9+7 = 2*8
2898,TRUE,10,2+8/8 = √(9)
2899,TRUE,9,(√(8^2))!*9 = 9!
2900,TRUE,2,2*0 = 9*0
2901,TRUE,5,0!^2 = 1^9
2902,TRUE,4,2+9*0 = 2
2903,TRUE,5,9/3-2 = 0!
2904,TRUE,5,2*4+0! = 9
2905,TRUE,5,9+0! = 2*5
2906,TRUE,5,2+0!+6 = 9
2907,TRUE,1,2+7 = 9+0
2908,TRUE,5,2+8 = 9+0!
2909,TRUE,4,2*0+9 = 9
2910,TRUE,5,0!^2 = 1^9
2911,TRUE,3,1^2 = 1^9
2912,TRUE,8,2*1^9 = 2
2913,TRUE,6,9/3-2 = 1
2914,TRUE,6,2*4+1 = 9
2915,TRUE,4,9+1 = 2*5
2916,TRUE,1,2+1+6 = 9
2917,TRUE,4,2*1+7 = 9
2918,TRUE,1,2+8 = 9+1
2919,TRUE,6,2-9/9 = 1
2920,TRUE,4,2+9*0 = 2
2921,TRUE,8,2*1^9 = 2
2922,TRUE,10,2+2/2 = √(9)
2923,TRUE,11,√(√(3^2^2)) = √(9)
2924,TRUE,10,4-2/2 = √(9)
2925,TRUE,1,2+2+5 = 9
2926,TRUE,11,6/2 = √(√(9^2))
2927,TRUE,9,√(2^2)+7 = 9
2928,TRUE,6,2/2+8 = 9
2929,TRUE,1,2+9 = 2+9
2930,TRUE,5,9/3-2 = 0!
2931,TRUE,6,9/3-2 = 1
2932,TRUE,11,√(√(3^2^2)) = √(9)
2933,TRUE,4,2*3+3 = 9
2934,TRUE,1,2+3+4 = 9
2935,TRUE,6,2+9/3 = 5
2936,TRUE,2,2*9 = 3*6
2937,TRUE,14,√(7-9/3) = 2
2938,TRUE,1,2+9 = 3+8
2939,TRUE,6,2+9/9 = 3
2940,TRUE,5,2*4+0! = 9
2941,TRUE,4,2*4+1 = 9
2942,TRUE,10,4-2/2 = √(9)
2943,TRUE,1,2+4+3 = 9
2944,TRUE,10,2+4/4 = √(9)
2945,TRUE,9,√(4^2)+5 = 9
2946,TRUE,6,2*9+6 = 4!
2947,TRUE,1,2+9 = 4+7
2948,TRUE,14,2 = √(4)(9-8)
2949,TRUE,10,√(4*9/9) = 2
2950,TRUE,5,9+0! = 2*5
2951,TRUE,4,9+1 = 2*5
2952,TRUE,1,2+5+2 = 9
2953,TRUE,6,2+9/3 = 5
2954,TRUE,9,√(4^2)+5 = 9
2955,TRUE,10,2+5/5 = √(9)
2956,TRUE,1,2+9 = 5+6
2957,TRUE,4,9+5 = 2*7
2958,TRUE,6,9-8/2 = 5
2959,TRUE,10,√(5-9/9) = 2
2960,TRUE,5,2+6+0! = 9
2961,TRUE,1,2+6+1 = 9
2962,TRUE,11,6/2 = √(√(9^2))
2963,TRUE,2,2*9 = 6*3
2964,TRUE,6,2*9+6 = 4!
2965,TRUE,1,2+9 = 6+5
2966,TRUE,6,9-6/2 = 6
2967,TRUE,6,2+7!/6! = 9
2968,TRUE,17,2^(9-6) = 8
2969,TRUE,16,(2+9/9)! = 6
2970,TRUE,1,2+7 = 9+0
2971,TRUE,4,2+7*1 = 9
2972,TRUE,9,√(2^2)+7 = 9
2973,TRUE,14,√(7-9/3) = 2
2974,TRUE,1,2+9 = 7+4
2975,TRUE,4,9+5 = 2*7
2976,TRUE,6,2+7!/6! = 9
2977,TRUE,15,2+√(7*7) = 9
2978,TRUE,4,9+7 = 2*8
2979,TRUE,15,2+7 = √(9*9)
2980,TRUE,5,2+8 = 9+0!
2981,TRUE,1,2+8 = 9+1
2982,TRUE,6,2/2+8 = 9
2983,TRUE,1,2+9 = 8+3
2984,TRUE,14,2 = √(4)(9-8)
2985,TRUE,6,9-8/2 = 5
2986,TRUE,17,2^(9-6) = 8
2987,TRUE,4,9+7 = 2*8
2988,TRUE,10,2+8/8 = √(9)
2989,TRUE,9,(√(8^2))!*9 = 9!
2990,TRUE,5,2-9/9 = 0!
2991,TRUE,6,2-9/9 = 1
2992,TRUE,1,2+9 = 9+2
2993,TRUE,6,2+9/9 = 3
2994,TRUE,10,√(4*9/9) = 2
2995,TRUE,10,√(5-9/9) = 2
2996,TRUE,16,(2+9/9)! = 6
2997,TRUE,15,2+7 = √(9*9)
2998,TRUE,9,(√(8^2))!*9 = 9!
2999,TRUE,4,9+9 = 2*9
